{
    "test_r2_score": 0.988897686393206,
    "best_epoch": 73,
    "best_val_loss": 0.0007035755552351475,
    "best_val_mse": 0.0007035755552351475,
    "best_val_mae": 0.02006869576871395
}