{
    "validation_r2_score": 0.9842947725425408,
    "validation_mse": 0.0007795673046482133,
    "validation_mae": 0.02057727468621555,
    "test_r2_score": 0.986723229169699,
    "test_mse": 0.0007147229425002658,
    "test_mae": 0.01958875682089762,
    "best_epoch": 86,
    "best_val_loss": 0.0007795677520334721,
    "best_val_mse": 0.0007795677520334721,
    "best_val_mae": 0.02057727985084057
}