{
    "validation_r2_score": 0.9848532224428416,
    "validation_mse": 0.00075184728055192,
    "validation_mae": 0.020679050695242698,
    "test_r2_score": 0.9882860170163725,
    "test_mse": 0.0006305940272275166,
    "test_mae": 0.0188238111317673,
    "best_epoch": 55,
    "best_val_loss": 0.0007518473430536687,
    "best_val_mse": 0.0007518473430536687,
    "best_val_mae": 0.020679039880633354
}