{
    "test_r2_score": 0.7597631227631438,
    "test_mse": 0.01293257298709502,
    "test_mae": 0.08447930407964731,
    "best_mse": 0.015398761368522945,
    "best_generation": 100
}