{
    "model_config": {
        "look_back": 15,
        "lstm_units": [
            64,
            32
        ],
        "dropout_rate": 0.2,
        "learning_rate": 0.001,
        "batch_size": 32,
        "early_stopping_patience": 5,
        "reduce_lr_factor": 0.5,
        "reduce_lr_patience": 3,
        "min_lr": 1e-05
    },
    "test_metrics": {
        "loss": 0.03417302295565605,
        "mse": 0.03318246528813008,
        "rmse": 0.1821605481110827,
        "r2": 0.4634524378498235,
        "mae": 0.13362716962761373
    },
    "data_info": {
        "train_size": 3066,
        "val_size": 876,
        "test_size": 438,
        "features": [
            "Unnamed: 0",
            "Time",
            "Location",
            "Temp_2m",
            "RelHum_2m",
            "DP_2m",
            "WS_10m",
            "WS_100m",
            "WD_10m",
            "WD_100m",
            "WG_10m",
            "Power"
        ],
        "target": "Power"
    },
    "training_info": {
        "final_epoch": 50,
        "best_val_loss": 0.03213575854897499,
        "final_val_loss": 0.03214000537991524
    },
    "timestamp": "2024-11-04 16:16:18"
}