{"loss": [0.06336764246225357, 0.03937433287501335, 0.03754686191678047, 0.036801327019929886, 0.03586424142122269, 0.03510357439517975, 0.03439505770802498, 0.03385292738676071, 0.03329220041632652, 0.03282328322529793, 0.032393358647823334, 0.031992942094802856, 0.03160539269447327, 0.03128550574183464, 0.03095032274723053, 0.03068973682820797, 0.030277591198682785, 0.03006037510931492, 0.02967648208141327, 0.029389500617980957, 0.02921914868056774, 0.02901834435760975, 0.028848037123680115, 0.02864035777747631, 0.02751130424439907, 0.02723635733127594, 0.02709527127444744, 0.026873551309108734, 0.02626838907599449, 0.026176633313298225, 0.026083866134285927, 0.025978386402130127, 0.025673070922493935, 0.02561131678521633, 0.025502856820821762, 0.0254522617906332, 0.025287827476859093, 0.025294924154877663, 0.02525714598596096, 0.025191711261868477, 0.02506602555513382, 0.025072511285543442, 0.025064950808882713, 0.025130370631814003, 0.02506270259618759, 0.025024645030498505, 0.025038516148924828, 0.024960752576589584, 0.02497590333223343, 0.024961277842521667], "mae": [0.1694663166999817, 0.15554805099964142, 0.151621475815773, 0.15020190179347992, 0.14775201678276062, 0.14573204517364502, 0.143779918551445, 0.14235202968120575, 0.1408039778470993, 0.13941067457199097, 0.1380595862865448, 0.13691771030426025, 0.13589653372764587, 0.13494007289409637, 0.13390477001667023, 0.1330564022064209, 0.13186202943325043, 0.13116130232810974, 0.13007977604866028, 0.12930205464363098, 0.12884095311164856, 0.12818877398967743, 0.12776975333690643, 0.12728488445281982, 0.12465217709541321, 0.12409734725952148, 0.12373462319374084, 0.12327130138874054, 0.12199976295232773, 0.12173647433519363, 0.12164916098117828, 0.12140195816755295, 0.12064877897500992, 0.120632603764534, 0.12031932920217514, 0.12024492770433426, 0.1199311912059784, 0.11989883333444595, 0.1197693720459938, 0.1196877658367157, 0.1193389818072319, 0.11946495622396469, 0.11946488171815872, 0.11954516172409058, 0.1193806603550911, 0.11936543881893158, 0.11949042975902557, 0.11920002102851868, 0.11926011741161346, 0.11930139362812042], "val_loss": [0.0461481474339962, 0.04264227673411369, 0.04103347659111023, 0.0402311235666275, 0.03967040032148361, 0.038990795612335205, 0.03868373483419418, 0.03864508867263794, 0.03778243064880371, 0.03718613088130951, 0.03677678853273392, 0.03667636588215828, 0.03646496310830116, 0.035904932767152786, 0.035470522940158844, 0.034901298582553864, 0.034886933863162994, 0.03481825068593025, 0.0343768484890461, 0.03435772284865379, 0.0338931567966938, 0.03392902761697769, 0.03383032977581024, 0.03411610797047615, 0.03304079920053482, 0.03302363306283951, 0.03300529345870018, 0.03305358067154884, 0.03260280191898346, 0.03256509453058243, 0.032618019729852676, 0.03270938992500305, 0.032376568764448166, 0.03238173574209213, 0.032371148467063904, 0.03246108070015907, 0.032231565564870834, 0.032258570194244385, 0.03225836157798767, 0.03223903849720955, 0.032160043716430664, 0.032195378094911575, 0.03216765075922012, 0.032141219824552536, 0.03213575854897499, 0.03216524049639702, 0.03214780241250992, 0.032143864780664444, 0.03214244171977043, 0.03214000537991524], "val_mae": [0.17446088790893555, 0.16392743587493896, 0.1592927873134613, 0.15586921572685242, 0.1546562910079956, 0.15347477793693542, 0.15304850041866302, 0.15246237814426422, 0.1500987410545349, 0.14825567603111267, 0.14681358635425568, 0.1468306928873062, 0.14543068408966064, 0.14512793719768524, 0.14301566779613495, 0.14131681621074677, 0.14158137142658234, 0.14085672795772552, 0.1389262080192566, 0.13864944875240326, 0.13771148025989532, 0.13567030429840088, 0.1367371678352356, 0.13833318650722504, 0.1337408572435379, 0.13324493169784546, 0.13391903042793274, 0.13280275464057922, 0.1319957673549652, 0.13150280714035034, 0.13195915520191193, 0.13174457848072052, 0.13166894018650055, 0.13174346089363098, 0.13201013207435608, 0.1315266489982605, 0.131114661693573, 0.13122381269931793, 0.1313568502664566, 0.1310456395149231, 0.13107828795909882, 0.13122765719890594, 0.13119293749332428, 0.1307971328496933, 0.13079580664634705, 0.1308487057685852, 0.13087910413742065, 0.13080540299415588, 0.13081426918506622, 0.13082867860794067], "learning_rate": [0.0010000000474974513, 0.0010000000474974513, 0.0010000000474974513, 0.0010000000474974513, 0.0010000000474974513, 0.0010000000474974513, 0.0010000000474974513, 0.0010000000474974513, 0.0010000000474974513, 0.0010000000474974513, 0.0010000000474974513, 0.0010000000474974513, 0.0010000000474974513, 0.0010000000474974513, 0.0010000000474974513, 0.0010000000474974513, 0.0010000000474974513, 0.0010000000474974513, 0.0010000000474974513, 0.0010000000474974513, 0.0010000000474974513, 0.0010000000474974513, 0.0010000000474974513, 0.0010000000474974513, 0.0005000000237487257, 0.0005000000237487257, 0.0005000000237487257, 0.0005000000237487257, 0.0002500000118743628, 0.0002500000118743628, 0.0002500000118743628, 0.0002500000118743628, 0.0001250000059371814, 0.0001250000059371814, 0.0001250000059371814, 0.0001250000059371814, 6.25000029685907e-05, 6.25000029685907e-05, 6.25000029685907e-05, 6.25000029685907e-05, 3.125000148429535e-05, 3.125000148429535e-05, 3.125000148429535e-05, 1.5625000742147677e-05, 1.5625000742147677e-05, 1.5625000742147677e-05, 9.999999747378752e-06, 9.999999747378752e-06, 9.999999747378752e-06, 9.999999747378752e-06]}